{
  "baseline_1ch": {
    "total_true": 3478,
    "total_fitted": 7603,
    "total_matched": 3037,
    "total_misses": 441,
    "total_phantoms": 4566,
    "precision": 0.39944758647902145,
    "recall": 0.8732029902242668,
    "f1": 0.5481454742351773,
    "n_fat": 192,
    "n_narrow": 28,
    "n_rt_drift": 1759,
    "n_chromatograms": 200,
    "rt_error_mean": -0.09821698239905294,
    "rt_error_median": -0.10648167516712448,
    "rt_error_std": 0.12144688241913368,
    "sigma_ratio_median": 1.0071506946952495,
    "sigma_ratio_p25": 0.9699099951261674,
    "sigma_ratio_p75": 1.0911084713222319,
    "tau_ratio_median": 0.9695464644079689,
    "tau_ratio_p25": 0.5630208824623222,
    "tau_ratio_p75": 1.1174034544267117,
    "area_ratio_median": 1.007941999479684,
    "area_ratio_p25": 0.9164888752200346,
    "area_ratio_p75": 1.1398370619010596,
    "peak_count_exact": 23,
    "peak_count_accuracy": 0.115,
    "weights": "gc_heatmap_unet_v3.pth",
    "eval_time_s": 305.0250871181488
  },
  "eval_3ch": {
    "total_true": 3478,
    "total_fitted": 1244,
    "total_matched": 1007,
    "total_misses": 2471,
    "total_phantoms": 237,
    "precision": 0.8094855305466238,
    "recall": 0.28953421506613,
    "f1": 0.4265141889030072,
    "n_fat": 64,
    "n_narrow": 11,
    "n_rt_drift": 617,
    "n_chromatograms": 200,
    "rt_error_mean": -0.10801094844438441,
    "rt_error_median": -0.11337287866119183,
    "rt_error_std": 0.12119589002173645,
    "sigma_ratio_median": 1.0071511311255623,
    "sigma_ratio_p25": 0.964017408900502,
    "sigma_ratio_p75": 1.0909893379985527,
    "tau_ratio_median": 0.9889324951431232,
    "tau_ratio_p25": 0.6104410721836013,
    "tau_ratio_p75": 1.17328732622292,
    "area_ratio_median": 1.013799212858329,
    "area_ratio_p25": 0.8873396936102795,
    "area_ratio_p75": 1.147109024145847,
    "peak_count_exact": 10,
    "peak_count_accuracy": 0.05,
    "weights": "gc_heatmap_unet_v3_3ch.pth",
    "eval_time_s": 61.358285903930664
  }
}