{
  "baseline_1ch": {
    "total_true": 3478,
    "total_fitted": 7603,
    "total_matched": 3037,
    "total_misses": 441,
    "total_phantoms": 4566,
    "precision": 0.39944758647902145,
    "recall": 0.8732029902242668,
    "f1": 0.5481454742351773,
    "n_fat": 192,
    "n_narrow": 28,
    "n_rt_drift": 1759,
    "n_chromatograms": 200,
    "rt_error_mean": -0.09821698239905294,
    "rt_error_median": -0.10648167516712448,
    "rt_error_std": 0.12144688241913368,
    "sigma_ratio_median": 1.0071506946952495,
    "sigma_ratio_p25": 0.9699099951261674,
    "sigma_ratio_p75": 1.0911084713222319,
    "tau_ratio_median": 0.9695464644079689,
    "tau_ratio_p25": 0.5630208824623222,
    "tau_ratio_p75": 1.1174034544267117,
    "area_ratio_median": 1.007941999479684,
    "area_ratio_p25": 0.9164888752200346,
    "area_ratio_p75": 1.1398370619010596,
    "peak_count_exact": 23,
    "peak_count_accuracy": 0.115,
    "weights": "gc_heatmap_unet_v3.pth",
    "eval_time_s": 305.0250871181488
  },
  "eval_3ch_fixed": {
    "total_true": 3478,
    "total_fitted": 9732,
    "total_matched": 3242,
    "total_misses": 236,
    "total_phantoms": 6490,
    "precision": 0.333127825729552,
    "recall": 0.9321449108683151,
    "f1": 0.4908402725208175,
    "n_fat": 165,
    "n_narrow": 76,
    "n_rt_drift": 1833,
    "n_chromatograms": 200,
    "rt_error_mean": -0.09920772179492307,
    "rt_error_median": -0.10373107336981491,
    "rt_error_std": 0.11205953256618724,
    "sigma_ratio_median": 1.0038857439691369,
    "sigma_ratio_p25": 0.9492345209284017,
    "sigma_ratio_p75": 1.0744464025366043,
    "tau_ratio_median": 0.9588954033495019,
    "tau_ratio_p25": 0.5758077850637939,
    "tau_ratio_p75": 1.1229305466037995,
    "area_ratio_median": 0.9965673906952199,
    "area_ratio_p25": 0.8468174247750846,
    "area_ratio_p75": 1.0996539955567946,
    "peak_count_exact": 14,
    "peak_count_accuracy": 0.07,
    "n_crashes": 0
  }
}