{
  "total_true": 3478,
  "total_fitted": 9732,
  "total_matched": 3242,
  "total_misses": 236,
  "total_phantoms": 6490,
  "precision": 0.333127825729552,
  "recall": 0.9321449108683151,
  "f1": 0.4908402725208175,
  "n_fat": 165,
  "n_narrow": 76,
  "n_rt_drift": 1833,
  "n_chromatograms": 200,
  "rt_error_mean": -0.09920772179492307,
  "rt_error_median": -0.10373107336981491,
  "rt_error_std": 0.11205953256618724,
  "sigma_ratio_median": 1.0038857439691369,
  "sigma_ratio_p25": 0.9492345209284017,
  "sigma_ratio_p75": 1.0744464025366043,
  "tau_ratio_median": 0.9588954033495019,
  "tau_ratio_p25": 0.5758077850637939,
  "tau_ratio_p75": 1.1229305466037995,
  "area_ratio_median": 0.9965673906952199,
  "area_ratio_p25": 0.8468174247750846,
  "area_ratio_p75": 1.0996539955567946,
  "peak_count_exact": 14,
  "peak_count_accuracy": 0.07,
  "n_crashes": 0
}