{
  "epochs": 30,
  "batch_size": 64,
  "lr": 0.001,
  "num_train_chromatograms": 5000,
  "num_train_windows": 58213,
  "datagen_time_s": 48.61885404586792,
  "training_time_s": 322.2665629386902,
  "loss_history": [
    0.1512026965208761,
    0.10019278303607479,
    0.09327827015748391,
    0.0899862883428296,
    0.08588061274981106,
    0.08338313281617976,
    0.08133897644641636,
    0.07957595059504875,
    0.07770557981598508,
    0.07594318243337202,
    0.07435793089015143,
    0.07284670940057916,
    0.07083951627815163,
    0.06970271224995236,
    0.0684242489614657,
    0.0667786882269186,
    0.06553402233172904,
    0.06387890276427452,
    0.062297250019325005,
    0.06096720356125753,
    0.05987425076028148,
    0.05828558519114177,
    0.05689897270320536,
    0.056062778126407455,
    0.054627439455426,
    0.05260705639823125,
    0.0526522188519056,
    0.051055056487138456,
    0.05005660899761286,
    0.04834541700534768
  ]
}