{
  "total_true": 1695,
  "total_fitted": 3962,
  "total_phantoms": 2484,
  "phantom_types": {
    "hallucination": 2152,
    "neighbor": 190,
    "duplicate": 142
  },
  "distance_median": 1.4526121051106364,
  "distance_p75": 2.195058796716249,
  "over_prediction_median": 8.0,
  "over_prediction_mean": 22.67,
  "fitted_true_ratio_median": 1.4712732919254656
}